3	1.98847e+30	0	0	0	0	0	0	3.58472548383e+22	0	0	5.9722e+24	149.6	0	0	0	29780	0	-3.52160687286e+22	0	0	7.342e+22	149.9844	0	0	0	30802	0	-6.31186109743e+20	0	0
3	1.98847e+30	0	0	0	1.80275562113e-05	1.61550616078e-09	0	3.58472542687e+22	7.13863451293e+18	0	5.9722e+24	149.599996757	0.0297799998198	0	-5.89666600728	29779.9995085	0	-3.52160687286e+22	-6.52313644902e+18	0	7.342e+22	149.984395272	0.0308019986168	0	-8.59692142137	30801.9962275	0	-6.31185540091e+20	-6.15498063914e+17	0
3	1.98847e+30	0	0	0	3.6055111814e-05	6.82102597365e-09	0	3.58472522757e+22	1.42772688268e+19	0	5.9722e+24	149.599987617	0.0595599985473	0	-11.7933320145	29779.9979247	0	-3.52160687278e+22	-1.30462755649e+19	0	7.342e+22	149.984381946	0.0616039888503	0	-17.1938263652	30801.9840718	0	-6.31183547933e+20	-1.23099326187e+18	0
3	1.98847e+30	0	0	0	5.40826660923e-05	1.56165592742e-08	0	3.58472488594e+22	2.14159026575e+19	0	5.9722e+24	149.59997258	0.0893399950903	0	-17.6899980215	29779.9952487	0	-3.52160687261e+22	-1.95694210408e+19	0	7.342e+22	149.984360024	0.0924059623173	0	-25.7906954567	30801.963533	0	-6.3118013328e+20	-1.84648161678e+18	0
3	1.98847e+30	0	0	0	7.21102183304e-05	2.80021057553e-08	0	3.58472440196e+22	2.85545357212e+19	0	5.9722e+24	149.599951647	0.119119988357	0	-23.5866640282	29779.9914804	0	-3.52160687235e+22	-2.60925765696e+19	0	7.342e+22	149.984329505	0.123207910635	0	-34.3875093211	30801.934611	0	-6.31175296159e+20	-2.46195915161e+18	0
3	1.98847e+30	0	0	0	9.01377678125e-05	4.39776649668e-08	0	3.58472377565e+22	3.56931677338e+19	0	5.9722e+24	149.599924817	0.148899977254	0	-29.4833300343	29779.9866199	0	-3.52160687199e+22	-3.26157458443e+19	0	7.342e+22	149.984290389	0.15400982542	0	-42.9842485844	30801.8973062	0	-6.31169036607e+20	-3.07742188949e+18	0
3	1.98847e+30	0	0	0	0.000108165313823	6.35432363159e-08	0	3.584723007e+22	4.28317984114e+19	0	5.9722e+24	149.599892091	0.17867996069	0	-35.3799960398	29779.9806671	0	-3.52160687153e+22	-3.91389325577e+19	0	7.342e+22	149.984242677	0.184811698289	0	-51.5808938729	30801.8516188	0	-6.31161354676e+20	-3.69286585374e+18	0
3	1.98847e+30	0	0	0	0.000126192855645	8.6698819067e-08	0	3.58472209601e+22	4.99704274699e+19	0	5.9722e+24	149.599853467	0.208459937572	0	-41.2766620444	29779.9736221	0	-3.52160687097e+22	-4.5662140402e+19	0	7.342e+22	149.984186368	0.215613520861	0	-60.1774258138	30801.7975489	0	-6.31152250431e+20	-4.30828706793e+18	0
3	1.98847e+30	0	0	0	0.000144220392564	1.13444412342e-07	0	3.58472104268e+22	5.71090546254e+19	0	5.9722e+24	149.599808947	0.238239906809	0	-47.173328048	29779.9654848	0	-3.52160687029e+22	-5.21853730695e+19	0	7.342e+22	149.984121462	0.246415284753	0	-68.7738250354	30801.7350971	0	-6.3114172395e+20	-4.92368155594e+18	0
3	1.98847e+30	0	0	0	0.000162247923864	1.43780015118e-07	0	3.58471984702e+22	6.42476795939e+19	0	5.9722e+24	149.599758531	0.268019867307	0	-53.0699940504	29779.9562552	0	-3.52160686949e+22	-5.87086342519e+19	0	7.342e+22	149.98404796	0.277216981583	0	-77.3700721668	30801.6642635	0	-6.31129775322e+20	-5.53904534205e+18	0
3	1.98847e+30	0	0	0	0.000180275448829	1.77705626233e-07	0	3.58471850902e+22	7.13863020914e+19	0	5.9722e+24	149.599702217	0.297799817975	0	-58.9666600513	29779.9459334	0	-3.52160686855e+22	-6.52319276405e+19	0	7.342e+22	149.983965862	0.30801860297	0	-85.9661478387	30801.5850488	0	-6.3111640465e+20	-6.15437445095e+18	0
3	1.98847e+30	0	0	0	0.000198302966743	2.15221244379e-07	0	3.58471702868e+22	7.85249218339e+19	0	5.9722e+24	149.599640007	0.327579757721	0	-64.8633260506	29779.9345193	0	-3.52160686748e+22	-7.17552569261e+19	0	7.342e+22	149.983875168	0.338820140532	0	-94.5620326833	30801.4974533	0	-6.31101612053e+20	-6.76966490782e+18	0
3	1.98847e+30	0	0	0	0.00021633047689	2.56326868106e-07	0	3.58471540601e+22	8.56635385374e+19	0	5.9722e+24	149.599571901	0.357359685452	0	-70.759992048	29779.9220129	0	-3.52160686624e+22	-7.8278625799e+19	0	7.342e+22	149.983775878	0.36962158589	0	-103.157707334	30801.4014777	0	-6.31085397657e+20	-7.38491273842e+18	0
3	1.98847e+30	0	0	0	0.000234357978554	3.01022495822e-07	0	3.58471364099e+22	9.2802151918e+19	0	5.9722e+24	149.599497897	0.387139600075	0	-76.6566580431	29779.9084142	0	-3.52160686483e+22	-8.48020379489e+19	0	7.342e+22	149.983667993	0.400422930663	0	-111.753152427	30801.2971225	0	-6.31067761607e+20	-8.00011396909e+18	0
3	1.98847e+30	0	0	0	0.000252385471021	3.49308125792e-07	0	3.58471173364e+22	9.99407616916e+19	0	5.9722e+24	149.599417997	0.416919500499	0	-82.5533240357	29779.8937232	0	-3.52160686324e+22	-9.13254970647e+19	0	7.342e+22	149.983551512	0.431224166473	0	-120.348348599	30801.1843885	0	-6.31048704057e+20	-8.61526462686e+18	0
3	1.98847e+30	0	0	0	0.000270412953573	4.01183756136e-07	0	3.58470968395e+22	1.07079367574e+20	0	5.9722e+24	149.599332201	0.446699385631	0	-88.4499900256	29779.8779399	0	-3.52160686144e+22	-9.78490068348e+19	0	7.342e+22	149.983426436	0.462025284941	0	-128.943276491	30801.0632762	0	-6.31028225175e+20	-9.23036073949e+18	0
3	1.98847e+30	0	0	0	0.000288440425495	4.56649384835e-07	0	3.58470749193e+22	1.14217969282e+20	0	5.9722e+24	149.599240507	0.476479254379	0	-94.3466560122	29779.8610642	0	-3.52160685941e+22	-1.04372570946e+20	0	7.342e+22	149.983292766	0.492826277688	0	-137.537916744	30800.9337865	0	-6.31006325143e+20	-9.84539833552e+18	0
3	1.98847e+30	0	0	0	0.000306467886071	5.15705009724e-07	0	3.58470515757e+22	1.21356566531e+20	0	5.9722e+24	149.599142917	0.50625910565	0	-100.243321995	29779.8430963	0	-3.52160685715e+22	-1.10896193086e+20	0	7.342e+22	149.9831505	0.523627136339	0	-146.132250004	30800.7959202	0	-6.30983004154e+20	-1.04603734443e+19	0
3	1.98847e+30	0	0	0	0.000324495334586	5.78350628497e-07	0	3.58470268087e+22	1.28495159037e+20	0	5.9722e+24	149.59903943	0.536038938353	0	-106.139987974	29779.824036	0	-3.52160685463e+22	-1.1741987694e+20	0	7.342e+22	149.982999641	0.554427852516	0	-154.726256917	30800.6496782	0	-6.30958262415e+20	-1.10752820962e+19	0
3	1.98847e+30	0	0	0	0.000342522770323	6.44586238705e-07	0	3.58470006183e+22	1.35633746516e+20	0	5.9722e+24	149.598930047	0.565818751395	0	-112.036653949	29779.8038834	0	-3.52160685182e+22	-1.23943626193e+20	0	7.342e+22	149.982840188	0.585228417845	0	-163.319918135	30800.4950614	0	-6.30932100147e+20	-1.16901203225e+19	0
3	1.98847e+30	0	0	0	0.000360550192567	7.14411837754e-07	0	3.58469730046e+22	1.42772328684e+20	0	5.9722e+24	149.598814767	0.595598543683	0	-117.933319919	29779.7826384	0	-3.5216068487e+22	-1.30467444528e+20	0	7.342e+22	149.982672141	0.616028823952	0	-171.91321431	30800.3320708	0	-6.30904517583e+20	-1.23048841554e+19	0
3	1.98847e+30	0	0	0	0.000378577600602	7.8782742291e-07	0	3.58469439675e+22	1.49910905257e+20	0	5.9722e+24	149.59869359	0.625378314125	0	-123.829985883	29779.760301	0	-3.52160684525e+22	-1.36991335629e+20	0	7.342e+22	149.982495502	0.646829062463	0	-180.506126099	30800.1607074	0	-6.30875514967e+20	-1.29195696283e+19	0
3	1.98847e+30	0	0	0	0.000396604993712	8.64832991295e-07	0	3.5846913507e+22	1.57049475951e+20	0	5.9722e+24	149.598566516	0.655158061629	0	-129.726651841	29779.7368713	0	-3.52160684145e+22	-1.43515303176e+20	0	7.342e+22	149.982310269	0.677629125006	0	-189.098634162	30799.9809724	0	-6.3084509256e+20	-1.35341727757e+19	0
3	1.98847e+30	0	0	0	0.000414632371182	9.45428539888e-07	0	3.58468816232e+22	1.64188040483e+20	0	5.9722e+24	149.598433546	0.684937785102	0	-135.623317793	29779.7123491	0	-3.52160683726e+22	-1.5003935085e+20	0	7.342e+22	149.982116444	0.70842900321	0	-197.690719163	30799.7928668	0	-6.30813250631e+20	-1.41486896333e+19	0
3	1.98847e+30	0	0	0	0.000432659732295	1.02961406553e-06	0	3.5846848316e+22	1.71326598568e+20	0	5.9722e+24	149.598294679	0.714717483452	0	-141.519983737	29779.6867346	0	-3.52160683266e+22	-1.5656348233e+20	0	7.342e+22	149.981914028	0.739228688705	0	-206.28236177	30799.5963919	0	-6.30779989466e+20	-1.47631162382e+19	0
3	1.98847e+30	0	0	0	0.000450687076335	1.1173895649e-06	0	3.58468135855e+22	1.78465149922e+20	0	5.9722e+24	149.598149915	0.744497155587	0	-147.416649673	29779.6600276	0	-3.52160682761e+22	-1.63087701293e+20	0	7.342e+22	149.98170302	0.770028173122	0	-214.873542653	30799.3915488	0	-6.30745309363e+20	-1.53774486286e+19	0
3	1.98847e+30	0	0	0	0.000468714402588	1.20875503457e-06	0	3.58467774316e+22	1.85603694261e+20	0	5.9722e+24	149.597999255	0.774276800414	0	-153.313315601	29779.6322282	0	-3.52160682209e+22	-1.69612011417e+20	0	7.342e+22	149.981483421	0.800827448095	0	-223.464242489	30799.1783391	0	-6.30709210631e+20	-1.59916828441e+19	0
3	1.98847e+30	0	0	0	0.000486741710337	1.30371047093e-06	0	3.58467398543e+22	1.92742231301e+20	0	5.9722e+24	149.597842698	0.804056416841	0	-159.209981519	29779.6033363	0	-3.52160681607e+22	-1.76136416375e+20	0	7.342e+22	149.981255232	0.831626505256	0	-232.054441957	30798.9567639	0	-6.30671693593e+20	-1.66058149259e+19	0
3	1.98847e+30	0	0	0	0.000504768998866	1.40225587025e-06	0	3.58467008537e+22	1.99880760758e+20	0	5.9722e+24	149.597680245	0.833836003774	0	-165.106647426	29779.573352	0	-3.52160680951e+22	-1.82660919842e+20	0	7.342e+22	149.981018452	0.862425336242	0	-240.644121742	30798.7268247	0	-6.30632758586e+20	-1.72198409166e+19	0
3	1.98847e+30	0	0	0	0.000522796267459	1.50439122866e-06	0	3.58466604297e+22	2.07019282349e+20	0	5.9722e+24	149.597511894	0.863615560123	0	-171.003313322	29779.5422752	0	-3.52160680237e+22	-1.89185525489e+20	0	7.342e+22	149.980773084	0.893223932689	0	-249.233262533	30798.488523	0	-6.30592405958e+20	-1.78337568603e+19	0
3	1.98847e+30	0	0	0	0.000540823515402	1.61011654213e-06	0	3.58466185824e+22	2.14157795789e+20	0	5.9722e+24	149.597337647	0.893395084793	0	-176.899979205	29779.5101059	0	-3.52160679463e+22	-1.95710236986e+20	0	7.342e+22	149.980519126	0.924022286236	0	-257.821845023	30798.2418602	0	-6.30550636071e+20	-1.84475588027e+19	0
3	1.98847e+30	0	0	0	0.000558850741977	1.71943180651e-06	0	3.58465753117e+22	2.21296300794e+20	0	5.9722e+24	149.597157503	0.923174576694	0	-182.796645075	29779.476844	0	-3.52160678624e+22	-2.02235058003e+20	0	7.342e+22	149.98025658	0.954820388522	0	-266.409849911	30797.9868381	0	-6.30507449299e+20	-1.90612427914e+19	0
3	1.98847e+30	0	0	0	0.000576877946469	1.83233701748e-06	0	3.58465306177e+22	2.28434797081e+20	0	5.9722e+24	149.596971463	0.952954034731	0	-188.693310931	29779.4424896	0	-3.52160677716e+22	-2.08759992205e+20	0	7.342e+22	149.979985447	0.985618231189	0	-274.997257902	30797.7234581	0	-6.3046284603e+20	-1.96748048754e+19	0
3	1.98847e+30	0	0	0	0.000594905128163	1.94883217059e-06	0	3.58464845003e+22	2.35573284365e+20	0	5.9722e+24	149.596779526	0.982733457813	0	-194.58997677	29779.4070427	0	-3.52160676736e+22	-2.15285043259e+20	0	7.342e+22	149.979705726	1.01641580588	0	-283.584049704	30797.4517221	0	-6.30416826664e+20	-2.02882411057e+19	0
3	1.98847e+30	0	0	0	0.000612932286342	2.06891726126e-06	0	3.58464369596e+22	2.42711762362e+20	0	5.9722e+24	149.596581692	1.01251284485	0	-200.486642593	29779.3705031	0	-3.52160675679e+22	-2.21810214827e+20	0	7.342e+22	149.979417419	1.04721310424	0	-292.170206033	30797.1716316	0	-6.30369391613e+20	-2.09015475351e+19	0
3	1.98847e+30	0	0	0	0.000630959420291	2.19259228475e-06	0	3.58463879955e+22	2.49850230788e+20	0	5.9722e+24	149.596377962	1.04229219474	0	-206.383308398	29779.332871	0	-3.52160674542e+22	-2.2833551057e+20	0	7.342e+22	149.979120526	1.07801011791	0	-300.755707609	30796.8831886	0	-6.30320541304e+20	-2.15147202182e+19	0
3	1.98847e+30	0	0	0	0.000648986529293	2.31985723618e-06	0	3.58463376081e+22	2.5698868936e+20	0	5.9722e+24	149.596168335	1.0720715064	0	-212.279974183	29779.2941463	0	-3.52160673319e+22	-2.34860934148e+20	0	7.342e+22	149.978815048	1.10880683855	0	-309.340535159	30796.5863948	0	-6.30270276174e+20	-2.21277552117e+19	0
3	1.98847e+30	0	0	0	0.000667013612634	2.45071211053e-06	0	3.58462857973e+22	2.64127137793e+20	0	5.9722e+24	149.595952811	1.10185077874	0	-218.176639946	29779.2543289	0	-3.52160672006e+22	-2.41386489219e+20	0	7.342e+22	149.978500985	1.13960325781	0	-317.924669415	30796.2812523	0	-6.30218596675e+20	-2.27406485742e+19	0
3	1.98847e+30	0	0	0	0.000685040669597	2.58515690264e-06	0	3.58462325632e+22	2.71265575803e+20	0	5.9722e+24	149.59573139	1.13163001065	0	-224.073305687	29779.2134188	0	-3.521606706e+22	-2.47912179437e+20	0	7.342e+22	149.978178339	1.17039936732	0	-326.508091116	30795.9677628	0	-6.30165503271e+20	-2.33533963665e+19	0
3	1.98847e+30	0	0	0	0.000703067699467	2.7231916072e-06	0	3.58461779058e+22	2.78404003107e+20	0	5.9722e+24	149.595504073	1.16140920106	0	-229.969971404	29779.1714161	0	-3.52160669094e+22	-2.54438008455e+20	0	7.342e+22	149.97784711	1.20119515876	0	-335.090781006	30795.6459284	0	-6.30110996438e+20	-2.39659946514e+19	0
3	1.98847e+30	0	0	0	0.000721094701527	2.86481621877e-06	0	3.5846121825e+22	2.8554241942e+20	0	5.9722e+24	149.595270859	1.19118834886	0	-235.866637094	29779.1283206	0	-3.52160667484e+22	-2.60963979926e+20	0	7.342e+22	149.977507298	1.23199062378	0	-343.672719839	30795.3157513	0	-6.30055076667e+20	-2.4578439494e+19	0
3	1.98847e+30	0	0	0	0.000739121675062	3.01003073175e-06	0	3.5846064321e+22	2.92680824458e+20	0	5.9722e+24	149.595031749	1.22096745296	0	-241.763302757	29779.0841324	0	-3.52160665765e+22	-2.67490097497e+20	0	7.342e+22	149.977158905	1.26278575403	0	-352.253888372	30794.9772334	0	-6.29997744458e+20	-2.51907269614e+19	0
3	1.98847e+30	0	0	0	0.000757148619357	3.15883514041e-06	0	3.58460053935e+22	2.99819217938e+20	0	5.9722e+24	149.594786742	1.25074651228	0	-247.659968391	29779.0388515	0	-3.52160663932e+22	-2.74016364815e+20	0	7.342e+22	149.976801931	1.29358054118	0	-360.83426737	30794.630377	0	-6.29939000327e+20	-2.58028531234e+19	0
3	1.98847e+30	0	0	0	0.000775175533695	3.31122943888e-06	0	3.58459450428e+22	3.06957599576e+20	0	5.9722e+24	149.594535838	1.28052552571	0	-253.556633992	29778.9924777	0	-3.5216066198e+22	-2.80542785524e+20	0	7.342e+22	149.976436377	1.32437497688	0	-369.413837607	30794.2751843	0	-6.29878844801e+20	-2.64148140519e+19	0
3	1.98847e+30	0	0	0	0.00079320241736	3.46721362112e-06	0	3.58458832687e+22	3.14095969086e+20	0	5.9722e+24	149.594279037	1.31030449217	0	-259.45329956	29778.9450112	0	-3.52160659903e+22	-2.87069363265e+20	0	7.342e+22	149.976062244	1.35516905281	0	-377.992579861	30793.9116575	0	-6.2981727842e+20	-2.70266058212e+19	0
3	1.98847e+30	0	0	0	0.000811229269637	3.62678768099e-06	0	3.58458200713e+22	3.21234326186e+20	0	5.9722e+24	149.59401634	1.34008341056	0	-265.349965093	29778.8964518	0	-3.52160657696e+22	-2.93596101678e+20	0	7.342e+22	149.975679533	1.38596276063	0	-386.57047492	30793.539799	0	-6.29754301737e+20	-2.76382245081e+19	0
3	1.98847e+30	0	0	0	0.00082925608981	3.78995161216e-06	0	3.58457554506e+22	3.28372670592e+20	0	5.9722e+24	149.593747746	1.36986227979	0	-271.246630587	29778.8467995	0	-3.52160655353e+22	-3.001230044e+20	0	7.342e+22	149.975288244	1.41675609201	0	-395.147503579	30793.1596113	0	-6.29689915317e+20	-2.82496661921e+19	0
3	1.98847e+30	0	0	0	0.000847282877163	3.9567054082e-06	0	3.58456894066e+22	3.35511002019e+20	0	5.9722e+24	149.593473255	1.39964109876	0	-277.143296041	29778.7960544	0	-3.52160652869e+22	-3.06650075064e+20	0	7.342e+22	149.974888379	1.44754903862	0	-403.72364664	30792.7710966	0	-6.29624119739e+20	-2.8860926955e+19	0
3	1.98847e+30	0	0	0	0.000865309630981	4.12704906252e-06	0	3.58456219393e+22	3.42649320184e+20	0	5.9722e+24	149.593192868	1.42941986639	0	-283.039961452	29778.7442163	0	-3.52160650237e+22	-3.13177317302e+20	0	7.342e+22	149.974479938	1.47834159214	0	-412.298884913	30792.3742575	0	-6.29556915593e+20	-2.94720028815e+19	0
3	1.98847e+30	0	0	0	0.000883336350547	4.30098256838e-06	0	3.58455530486e+22	3.49787624802e+20	0	5.9722e+24	149.592906584	1.45919858158	0	-288.936626819	29778.6912853	0	-3.52160647451e+22	-3.19704734743e+20	0	7.342e+22	149.974062922	1.50913374424	0	-420.873199218	30791.9690965	0	-6.29488303481e+20	-3.00828900588e+19	0
3	1.98847e+30	0	0	0	0.000901363035146	4.4785059189e-06	0	3.58454827347e+22	3.56925915589e+20	0	5.9722e+24	149.592614403	1.48897724324	0	-294.833292137	29778.6372613	0	-3.52160644506e+22	-3.26232331012e+20	0	7.342e+22	149.973637333	1.53992548661	0	-429.446570382	30791.5556163	0	-6.29418284021e+20	-3.0693584577e+19	0
3	1.98847e+30	0	0	0	0.000919389684062	4.65961910706e-06	0	3.58454109974e+22	3.64064192262e+20	0	5.9722e+24	149.592316326	1.51875585027	0	-300.729957405	29778.5821443	0	-3.52160641396e+22	-3.32760109733e+20	0	7.342e+22	149.97320317	1.57071681091	0	-438.018979238	30791.1338194	0	-6.29346857839e+20	-3.13040825289e+19	0
3	1.98847e+30	0	0	0	0.00093741629658	4.84432212571e-06	0	3.58453378368e+22	3.71202454537e+20	0	5.9722e+24	149.592012352	1.54853440159	0	-306.626622619	29778.5259342	0	-3.52160638113e+22	-3.39288074527e+20	0	7.342e+22	149.972760436	1.60150770885	0	-446.590406633	30790.7037086	0	-6.29274025577e+20	-3.19143800103e+19	0
3	1.98847e+30	0	0	0	0.000955442871983	5.03261496753e-06	0	3.5845263253e+22	3.78340702129e+20	0	5.9722e+24	149.591702481	1.57831289609	0	-312.523287777	29778.4686311	0	-3.52160634651e+22	-3.45816229009e+20	0	7.342e+22	149.972309131	1.63229817211	0	-455.160833418	30790.2652867	0	-6.29199787888e+20	-3.25244731197e+19	0
3	1.98847e+30	0	0	0	0.000973469409555	5.22449762508e-06	0	3.58451872458e+22	3.85478934755e+20	0	5.9722e+24	149.591386714	1.60809133269	0	-318.419952876	29778.4102349	0	-3.52160631004e+22	-3.52344576796e+20	0	7.342e+22	149.971849256	1.66308819238	0	-463.730240454	30789.8185564	0	-6.29124145437e+20	-3.31343579588e+19	0
3	1.98847e+30	0	0	0	0.000991495908582	5.41997009076e-06	0	3.58451098154e+22	3.9261715213e+20	0	5.9722e+24	149.59106505	1.63786971029	0	-324.316617912	29778.3507455	0	-3.52160627165e+22	-3.58873121498e+20	0	7.342e+22	149.971380812	1.69387776134	0	-472.298608614	30789.3635206	0	-6.29047098903e+20	-3.37440306322e+19	0
3	1.98847e+30	0	0	0	0.00100952236835	5.61903235685e-06	0	3.58450309616e+22	3.99755353971e+20	0	5.9722e+24	149.590737489	1.6676480278	0	-330.213282882	29778.290163	0	-3.52160623127e+22	-3.65401866723e+20	0	7.342e+22	149.9709038	1.72466687071	0	-480.865918778	30788.9001822	0	-6.28968648977e+20	-3.43534872477e+19	0
3	1.98847e+30	0	0	0	0.00102754878813	5.82168441547e-06	0	3.58449506846e+22	4.06893539993e+20	0	5.9722e+24	149.590404031	1.69742628412	0	-336.109947784	29778.2284872	0	-3.52160618883e+22	-3.71930816077e+20	0	7.342e+22	149.970418222	1.75545551217	0	-489.432151834	30788.4285442	0	-6.28888796361e+20	-3.49627239161e+19	0
3	1.98847e+30	0	0	0	0.00104557516723	6.0279262586e-06	0	3.58448689843e+22	4.14031709914e+20	0	5.9722e+24	149.590064677	1.72720447817	0	-342.006612612	29778.1657183	0	-3.52160614426e+22	-3.78459973162e+20	0	7.342e+22	149.969924078	1.78624367743	0	-497.997288683	30787.9486096	0	-6.28807541772e+20	-3.55717367515e+19	0
3	1.98847e+30	0	0	0	0.00106360150491	6.23775787807e-06	0	3.58447858607e+22	4.21169863447e+20	0	5.9722e+24	149.589719426	1.75698260885	0	-347.903277365	29778.101856	0	-3.52160609748e+22	-3.84989341576e+20	0	7.342e+22	149.969421369	1.81703135819	0	-506.561310233	30787.4603815	0	-6.28724885936e+20	-3.61805218713e+19	0
3	1.98847e+30	0	0	0	0.00108162780047	6.45117926558e-06	0	3.58447013139e+22	4.28308000311e+20	0	5.9722e+24	149.589368279	1.78676067507	0	-353.799942037	29778.0369004	0	-3.52160604843e+22	-3.91518924915e+20	0	7.342e+22	149.968910097	1.84781854616	0	-515.124197404	30786.963863	0	-6.28640829594e+20	-3.67890753959e+19	0
3	1.98847e+30	0	0	0	0.00109965405319	6.66819041268e-06	0	3.58446153438e+22	4.3544612022e+20	0	5.9722e+24	149.589011235	1.81653867572	0	-359.696606625	29777.9708515	0	-3.52160599703e+22	-3.98048726771e+20	0	7.342e+22	149.968390263	1.87860523306	0	-523.685931125	30786.4590572	0	-6.285553735e+20	-3.73973934496e+19	0
3	1.98847e+30	0	0	0	0.00111768026236	6.88879131078e-06	0	3.58445279504e+22	4.42584222891e+20	0	5.9722e+24	149.588648294	1.84631660973	0	-365.593271126	29777.9037092	0	-3.5216059432e+22	-4.04578750731e+20	0	7.342e+22	149.967861867	1.90939141059	0	-532.246492336	30785.9459675	0	-6.28468518416e+20	-3.80054721595e+19	0
3	1.98847e+30	0	0	0	0.00113570642725	7.11298195116e-06	0	3.58444391337e+22	4.49722308039e+20	0	5.9722e+24	149.588279456	1.87609447599	0	-371.489935534	29777.8354735	0	-3.52160588686e+22	-4.11109000383e+20	0	7.342e+22	149.967324912	1.94017707048	0	-540.805861986	30785.424597	0	-6.28380265122e+20	-3.86133076566e+19	0
3	1.98847e+30	0	0	0	0.00115373254715	7.34076232493e-06	0	3.58443488938e+22	4.56860375382e+20	0	5.9722e+24	149.587904722	1.90587227342	0	-377.386599847	29777.7661443	0	-3.52160582794e+22	-4.17639479306e+20	0	7.342e+22	149.966779398	1.97096220445	0	-549.364021038	30784.8949492	0	-6.28290614406e+20	-3.92208960754e+19	0
3	1.98847e+30	0	0	0	0.00117175862135	7.57213242307e-06	0	3.58442572306e+22	4.63998424634e+20	0	5.9722e+24	149.587524091	1.93565000091	0	-383.283264058	29777.6957217	0	-3.52160576636e+22	-4.2417019108e+20	0	7.342e+22	149.966225326	2.00174680422	0	-557.920950462	30784.3570274	0	-6.2819956707e+20	-3.98282335537e+19	0
3	1.98847e+30	0	0	0	0.00118978464913	7.80709223642e-06	0	3.58441641442e+22	4.71136455512e+20	0	5.9722e+24	149.587137563	1.96542765738	0	-389.179928165	29777.6242055	0	-3.52160570203e+22	-4.30701139278e+20	0	7.342e+22	149.965662698	2.03253086151	0	-566.47663124	30783.8108351	0	-6.28107123928e+20	-4.04353162333e+19	0
3	1.98847e+30	0	0	0	0.00120781062977	8.04564175568e-06	0	3.58440696345e+22	4.78274467731e+20	0	5.9722e+24	149.586745139	1.99520524173	0	-395.076592161	29777.5515957	0	-3.52160563487e+22	-4.37232327472e+20	0	7.342e+22	149.965091515	2.06331436807	0	-575.031044368	30783.2563757	0	-6.28013285806e+20	-4.10421402593e+19	0
3	1.98847e+30	0	0	0	0.00122583656257	8.2877809714e-06	0	3.58439737016e+22	4.85412461009e+20	0	5.9722e+24	149.586346818	2.02498275288	0	-400.973256043	29777.4778923	0	-3.52160556481e+22	-4.43763759228e+20	0	7.342e+22	149.964511779	2.09409731562	0	-583.584170849	30782.6936528	0	-6.27918053543e+20	-4.16487017808e+19	0
3	1.98847e+30	0	0	0	0.00124386244679	8.53350987398e-06	0	3.58438763454e+22	4.9255043506e+20	0	5.9722e+24	149.585942601	2.05476018971	0	-406.869919806	29777.4030952	0	-3.52160549174e+22	-4.50295438109e+20	0	7.342e+22	149.96392349	2.1248796959	0	-592.135991701	30782.12267	0	-6.27821427989e+20	-4.22549969506e+19	0
3	1.98847e+30	0	0	0	0.00126188828174	8.78282845371e-06	0	3.5843777566e+22	4.99688389601e+20	0	5.9722e+24	149.585532486	2.08453755115	0	-412.766583443	29777.3272044	0	-3.5216054156e+22	-4.56827367675e+20	0	7.342e+22	149.96332665	2.15566150067	0	-600.686487952	30781.5434309	0	-6.27723410006e+20	-4.28610219253e+19	0
3	1.98847e+30	0	0	0	0.00127991406668	9.03573670069e-06	0	3.58436773634e+22	5.06826324348e+20	0	5.9722e+24	149.585116475	2.11431483609	0	-418.663246951	29777.2502199	0	-3.52160533629e+22	-4.63359551482e+20	0	7.342e+22	149.96272126	2.18644272165	0	-609.235640642	30780.9559393	0	-6.2762400047e+20	-4.34667728656e+19	0
3	1.98847e+30	0	0	0	0.00129793980092	9.29223460492e-06	0	3.58435757375e+22	5.13964239016e+20	0	5.9722e+24	149.584694567	2.14409204345	0	-424.559910324	29777.1721417	0	-3.52160525373e+22	-4.6989199308e+20	0	7.342e+22	149.962107321	2.2172233506	0	-617.783430823	30780.360199	0	-6.27523200267e+20	-4.40722459359e+19	0
3	1.98847e+30	0	0	0	0.00131596548372	9.55232215623e-06	0	3.58434726885e+22	5.21102133323e+20	0	5.9722e+24	149.584266763	2.17386917213	0	-430.456573556	29777.0929696	0	-3.52160516782e+22	-4.76424696018e+20	0	7.342e+22	149.961484836	2.24800337928	0	-626.329839559	30779.7562136	0	-6.27421010296e+20	-4.46774373047e+19	0
3	1.98847e+30	0	0	0	0.00133399111438	9.81599934431e-06	0	3.58433682162e+22	5.28240006984e+20	0	5.9722e+24	149.583833062	2.20364622103	0	-436.353236641	29777.0127036	0	-3.52160507847e+22	-4.82957663839e+20	0	7.342e+22	149.960853805	2.27878279944	0	-634.874847927	30779.1439871	0	-6.27317431469e+20	-4.52823431446e+19	0
3	1.98847e+30	0	0	0	0.00135201669217	1.00832661587e-05	0	3.58432623206e+22	5.35377859714e+20	0	5.9722e+24	149.583393464	2.23342318907	0	-442.249899574	29776.9313437	0	-3.52160498559e+22	-4.89490900082e+20	0	7.342e+22	149.96021423	2.30956160284	0	-643.418437015	30778.5235234	0	-6.27212464707e+20	-4.58869596322e+19	0
3	1.98847e+30	0	0	0	0.00137004221639	1.03541225889e-05	0	3.58431550019e+22	5.4251569123e+20	0	5.9722e+24	149.58294797	2.26320007514	0	-448.146562349	29776.8488898	0	-3.5216048891e+22	-4.96024408282e+20	0	7.342e+22	149.959566112	2.34033978125	0	-651.960587927	30777.8948265	0	-6.27106110947e+20	-4.64912829483e+19	0
3	1.98847e+30	0	0	0	0.00138806768632	1.0628568624e-05	0	3.584304626e+22	5.49653501249e+20	0	5.9722e+24	149.582496579	2.29297687816	0	-454.04322496	29776.7653419	0	-3.52160478888e+22	-5.02558191971e+20	0	7.342e+22	149.958909452	2.37111732643	0	-660.501281775	30777.2579003	0	-6.26998371134e+20	-4.7095309278e+19	0
3	1.98847e+30	0	0	0	0.00140609310124	1.09066042533e-05	0	3.58429360948e+22	5.56791289485e+20	0	5.9722e+24	149.582039291	2.32275359703	0	-459.9398874	29776.6807	0	-3.52160468486e+22	-5.09092254675e+20	0	7.342e+22	149.958244253	2.40189423017	0	-669.040499688	30776.612749	0	-6.26889246228e+20	-4.76990348105e+19	0
3	1.98847e+30	0	0	0	0.00142411846043	1.11882294657e-05	0	3.58428245065e+22	5.63929055655e+20	0	5.9722e+24	149.581576106	2.35253023065	0	-465.836549663	29776.594964	0	-3.52160457693e+22	-5.15626599916e+20	0	7.342e+22	149.957570515	2.43267048423	0	-677.578222806	30775.9593766	0	-6.267787372e+20	-4.83024557394e+19	0
3	1.98847e+30	0	0	0	0.00144214376319	1.14734442501e-05	0	3.5842711495e+22	5.71066799476e+20	0	5.9722e+24	149.581107025	2.38230677794	0	-471.733211742	29776.5081338	0	-3.52160446499e+22	-5.22161231213e+20	0	7.342e+22	149.95688824	2.4634460804	0	-686.114432282	30775.2977874	0	-6.26666845032e+20	-4.89055682627e+19	0
3	1.98847e+30	0	0	0	0.00146016900879	1.1762248595e-05	0	3.58425970603e+22	5.78204520662e+20	0	5.9722e+24	149.580632048	2.41208323779	0	-477.629873631	29776.4202094	0	-3.52160434895e+22	-5.28696152079e+20	0	7.342e+22	149.95619743	2.49422101046	0	-694.649109286	30774.6279855	0	-6.26553570718e+20	-4.95083685827e+19	0
3	1.98847e+30	0	0	0	0.00147819419651	1.20546424892e-05	0	3.58424812024e+22	5.85342218931e+20	0	5.9722e+24	149.580151173	2.44185960912	0	-483.526535322	29776.3311908	0	-3.52160422871e+22	-5.35231366024e+20	0	7.342e+22	149.955498086	2.52499526621	0	-703.182234996	30773.9499752	0	-6.26438915265e+20	-5.01108529062e+19	0
3	1.98847e+30	0	0	0	0.00149621932565	1.2350625921e-05	0	3.58423639213e+22	5.92479893997e+20	0	5.9722e+24	149.579664402	2.47163589083	0	-489.423196808	29776.2410779	0	-3.52160410416e+22	-5.41766876552e+20	0	7.342e+22	149.95479021	2.55576883943	0	-711.713790609	30773.2637609	0	-6.26322879692e+20	-5.07130174447e+19	0
3	1.98847e+30	0	0	0	0.00151424439549	1.26501988787e-05	0	3.5842245217e+22	5.99617545578e+20	0	5.9722e+24	149.579171734	2.50141208182	0	-495.319858083	29776.1498707	0	-3.5216039752e+22	-5.48302687164e+20	0	7.342e+22	149.954073803	2.58654172192	0	-720.243757332	30772.569347	0	-6.26205465027e+20	-5.13148584139e+19	0
3	1.98847e+30	0	0	0	0.00153226940531	1.29533613504e-05	0	3.58421250896e+22	6.06755173388e+20	0	5.9722e+24	149.578673169	2.531188181	0	-501.216519138	29776.057569	0	-3.52160384173e+22	-5.54838801354e+20	0	7.342e+22	149.953348867	2.6173139055	0	-728.772116389	30771.8667378	0	-6.26086672312e+20	-5.19163720343e+19	0
3	1.98847e+30	0	0	0	0.0015502943544	1.32601133241e-05	0	3.5842003539e+22	6.13892777145e+20	0	5.9722e+24	149.578168708	2.56096418728	0	-507.113179967	29775.9641729	0	-3.52160370364e+22	-5.61375222614e+20	0	7.342e+22	149.952615404	2.64808538196	0	-737.298849016	30771.1559378	0	-6.25966502601e+20	-5.25175545312e+19	0
3	1.98847e+30	0	0	0	0.00156831924204	1.35704547876e-05	0	3.58418805653e+22	6.21030356564e+20	0	5.9722e+24	149.57765835	2.59074009956	0	-513.009840561	29775.8696823	0	-3.52160356083e+22	-5.6791195443e+20	0	7.342e+22	149.951873414	2.67885614312	0	-745.823936466	30770.4369517	0	-6.25844956958e+20	-5.31184021343e+19	0
3	1.98847e+30	0	0	0	0.00158634406751	1.38843857286e-05	0	3.58417561684e+22	6.28167911362e+20	0	5.9722e+24	149.577142096	2.62051591675	0	-518.906500912	29775.7740972	0	-3.52160341319e+22	-5.74449000283e+20	0	7.342e+22	149.951122901	2.70962618079	0	-754.347360003	30769.7097839	0	-6.25722036461e+20	-5.37189110784e+19	0
3	1.98847e+30	0	0	0	0.0016043688301	1.42019061346e-05	0	3.58416303483e+22	6.35305441253e+20	0	5.9722e+24	149.576619944	2.65029163775	0	-524.803161012	29775.6774174	0	-3.52160326062e+22	-5.8098636365e+20	0	7.342e+22	149.950363865	2.74039548679	0	-762.869100909	30768.9744391	0	-6.25597742197e+20	-5.43190776029e+19	0
3	1.98847e+30	0	0	0	0.00162239352909	1.45230159932e-05	0	3.58415031052e+22	6.42442945955e+20	0	5.9722e+24	149.576091897	2.68006726146	0	-530.699820852	29775.579643	0	-3.52160310299e+22	-5.87524048003e+20	0	7.342e+22	149.949596308	2.77116405296	0	-771.38914048	30768.230922	0	-6.25472075266e+20	-5.49188979521e+19	0
3	1.98847e+30	0	0	0	0.00164041816377	1.48477152915e-05	0	3.58413744388e+22	6.49580425183e+20	0	5.9722e+24	149.575557952	2.7098427868	0	-536.596480425	29775.4807739	0	-3.52160294021e+22	-5.94062056808e+20	0	7.342e+22	149.948820232	2.80193187111	0	-779.907460026	30767.4792373	0	-6.2534503678e+20	-5.55183683751e+19	0
3	1.98847e+30	0	0	0	0.00165844273342	1.51760040167e-05	0	3.58412443494e+22	6.56717878653e+20	0	5.9722e+24	149.575018111	2.73961821267	0	-542.493139722	29775.38081	0	-3.52160277215e+22	-6.00600393527e+20	0	7.342e+22	149.948035638	2.83269893309	0	-788.424040872	30766.7193899	0	-6.25216627861e+20	-5.61174851262e+19	0
3	1.98847e+30	0	0	0	0.00167646723733	1.55078821558e-05	0	3.58411128368e+22	6.63855306081e+20	0	5.9722e+24	149.574472373	2.76939353798	0	-548.389798733	29775.2797513	0	-3.52160259872e+22	-6.07139061617e+20	0	7.342e+22	149.947242529	2.86346523073	0	-796.938864362	30765.9513845	0	-6.25086849644e+20	-5.67162444644e+19	0
3	1.98847e+30	0	0	0	0.00169449167478	1.58433496955e-05	0	3.58409799011e+22	6.70992707184e+20	0	5.9722e+24	149.573920738	2.79916876162	0	-554.286457449	29775.1775978	0	-3.52160241978e+22	-6.1367806453e+20	0	7.342e+22	149.946440907	2.89423075589	0	-805.45191185	30765.175226	0	-6.24955703275e+20	-5.7314642654e+19	0
3	1.98847e+30	0	0	0	0.00171251604505	1.61824066227e-05	0	3.58408455423e+22	6.78130081677e+20	0	5.9722e+24	149.573363207	2.8289438825	0	-560.183115862	29775.0743493	0	-3.52160223524e+22	-6.20217405713e+20	0	7.342e+22	149.945630772	2.9249955004	0	-813.96316471	30764.3909195	0	-6.2482318991e+20	-5.79126759644e+19	0
3	1.98847e+30	0	0	0	0.00173054034743	1.65250529237e-05	0	3.58407097604e+22	6.85267429277e+20	0	5.9722e+24	149.572799779	2.85871889954	0	-566.079773961	29774.9700058	0	-3.52160204497e+22	-6.26757088607e+20	0	7.342e+22	149.944812126	2.95575945613	0	-822.47260433	30763.5984698	0	-6.24689310719e+20	-5.85103406698e+19	0
3	1.98847e+30	0	0	0	0.00174856458121	1.68712885852e-05	0	3.58405725554e+22	6.92404749699e+20	0	5.9722e+24	149.572230454	2.88849381163	0	-571.976431738	29774.8645672	0	-3.52160184885e+22	-6.33297116649e+20	0	7.342e+22	149.943984973	2.98652261493	0	-830.980212115	30762.797882	0	-6.24554066882e+20	-5.910763305e+19	0
3	1.98847e+30	0	0	0	0.00176658874566	1.72211135933e-05	0	3.58404339272e+22	6.99542042659e+20	0	5.9722e+24	149.571655233	2.91826861767	0	-577.873089181	29774.7580336	0	-3.52160164677e+22	-6.39837493269e+20	0	7.342e+22	149.943149312	3.01728496867	0	-839.485969484	30761.9891613	0	-6.2441745959e+20	-5.97045493899e+19	0
3	1.98847e+30	0	0	0	0.00178461284008	1.75745279341e-05	0	3.5840293876e+22	7.06679307874e+20	0	5.9722e+24	149.571074115	2.94804331658	0	-583.769746282	29774.6504047	0	-3.5216014386e+22	-6.46378221894e+20	0	7.342e+22	149.942305147	3.04804650922	0	-847.989857874	30761.1723127	0	-6.24279490045e+20	-6.03010859795e+19	0
3	1.98847e+30	0	0	0	0.00180263686374	1.79315315937e-05	0	3.58401524017e+22	7.13816545059e+20	0	5.9722e+24	149.5704871	2.97781790726	0	-589.666403029	29774.5416807	0	-3.52160122423e+22	-6.52919305945e+20	0	7.342e+22	149.941452479	3.07880722845	0	-856.491858739	30760.3473415	0	-6.24140159462e+20	-6.08972391144e+19	0
